MV_Type	Lemma	Related_MV	Target_Domain	BM	CM	BM_RAE	CM_RAE
OneWordMV	abandonar	abandonar	6	abandonar-00614057-v	abandonar-00362348-v		
OneWordMV	abandonar	abandonar	26	dejar-00614057-v	morir-00358431-v		
OneWordMV	abatir	abatido	33, 35, 81	abatir-01103336-v	abatir-01814396-v		
OneWordMV	abrasar	abrasivo	62	abrasar-00196364-v	abrasar-02120451-v		
Frame	abrazo	abrazo muy fuerte, lleno de cariño y comprensión	77				
FormulaicExpression	Abrazo	abrazo muy fuerte, lleno de cariño y comprensión	77				
FormulaicExpression	Abrazo	Un abrazo	77				
FormulaicExpression	Abrazo	Un abrazo muy grande a todas	77				
FormulaicExpression	Abrazo	un fuerte abrazo	77				
FormulaicExpression	Abrazo	Un gran abrazo a tod@s	77				
FormulaicExpression	Abrazo	Un gran abrazo lleno de energía	77				
OneWordMV	abrir	abrir, abrir falsas esperanzas, abrir un camino esperanzador, abrir una pequeña puerta hacia la esperanza	31	abrir-00219963-v	abrir-00539936-v		
OneWordMV	abrir	abrir una herida		abrir-00219963-v			
OneWordMV	abrir	abrir nuevo hilo	81	abrir-00219963-v			
OneWordMV	abrumado	abrumado, abrumador	33, 38, 35, 83	brumoso-00461609-a	abrumador-01989446-a		
OneWordMV	abrumador	abrumado, abrumador	33, 38, 35, 84	brumoso-00461609-a	abrumador-01989446-a		
OneWordMV	acabar	acabar, acabar bien	22	acabar-00351824-v			
OneWordMV	acabar	acabar con alguien	26	acabar-00351824-v			
OneWordMV	acaparar	acaparar, 'lo único que acapara mi cabeza es la muerte'	33	acaparar-02304862-v		u.c.StringArray(elements=['apropiarse u obtener en todo o en gran parte un género de cosas.'])	u.c.StringArray(elements=['perturbación anímica producida por una idea fija.'])
Frame	acaparar	lo único que acapara en mi cabeza es la muerte	26				
Frame_RoleMismatch	acaparar	lo único que acapara en mi cabeza es la muerte	26				
OneWordMV	aceptar	aceptar, negar(se) a aceptar algo	39, 53	aceptar-00719231-v; aceptar-02236124-v	aceptar-00668805-v		
OneWordMV	achacaba	achacar	52			u.c.StringArray(elements=['atribuir, imputar a alguien o algo un delito, culpa, defecto o desgracia, generalmente con malicia o sin fundamento. (rae)'])	
OneWordMV	aclarar	aclarar	81	aclarar-00549217-v	aclarar-00991385-v		
OneWordMV	aclarar	aclarar	22	aclarar-00549217-v	sanar-00270561-v	u.c.StringArray(elements=['disipar o quitar lo que ofusca la claridad o transparencia de algo.'])	
OneWordMV	acompañar	acompañar, compañía, 'es el amor el que te acompañará', acompañar en el sentimiento	77	acompañar-02025550-v			Participar en los sentimientos de alguien.
Frame_RoleMismatch	acompañar	amor el que te acompañará					
OneWordMV	activar	activar, actividad	24	activar-01643657-v	recaer-00268165-v		
OneWordMV	activar	activar, actividad	24	activar-01643657-v	recaer-00268165-v		
OneWordMV	actuar	actuar	22	actuar-01719921-v	curar-00081725-v		
OneWordMV	acudir	acudir	77, 76	acudir-01835496-v		dicho de una persona: ir al sitio adonde le conviene o es llamada.	
OneWordMV	acumular	acumular información	53	acumular-01503404-v			
OneWordMV	adaptar	adaptar(se)	39	adaptar-00299580-v'	adaptar-00150287-v		
OneWordMV	adueñar	adueñar(se) miedo y ansiedad de una persona	32	adueñarse-02212646-v			
OneWordMV	afectación	afectado, afectación		afectar-00019448-v			
OneWordMV	afectado	afectado, afectación		afectar-00019448-v			
OneWordMV	afectar	afectado, afectación		afectar-00019448-v			
OneWordMV	aferrar	aferrar, aferrar(se) a una posibilidad, aferrar(se) a un porcentaje	52, 31	aferrar-01212572-v, aferrar-01216004-v, aferrar-01216331-v	aferrar-01776065-v		
OneWordMV	afrontar	afrondar	11, 2	afrontar-01078783-v	afrontar-00812298-v		
OneWordMV	agredir	agresivo	11, 6	agresivo-01244846-a	agresivo-01356143-a		
OneWordMV	aguantar	aguantar	32, 33, 2, 71	aguantar-01301410-v, aguantar-01546111-v	aguantar-00668099-v		
OneWordMV	ahorrar	ahorrar fuerzas	35	ahorrar-02266920-v	ahorrar-02225492-v		
OneWordMV	aislamiento	aislamiento	36	aislamiento-00827010-n	aislamiento-07502576-n		
OneWordMV	alargar	alargar	6	alargar-00316631-v	alargar-00317888-v		
OneWordMV	alarmar	alarmar	32	alarmar-00872414-v	alarmar-01782650-v		
OneWordMV	albergar	albergar	3	albergar-02459173-v	albergar-01773130-v		u.c.StringArray(elements=['mantener o fomentar  en la mente un sentimiento o una idea'])
OneWordMV	aliado	buena anlimentación, ejercicio físico, hidratación, cariño a una misma y paciencia son los mejores aliados'	3, 27, 22	aliado-02612939-a	ayuda-00082081-v		
OneWordMV	aligerar	aligerar el tiempo	3, 39, 33	descargar-00448680-v	aligerarse-00082308-v		
OneWordMV	alimentar	alimentar(se) el cáncer de algo	11	alimentar-01178565-v	alimentar-01762178-v		
OneWordMV	aliviar	aliviar	30	aliviadero-04277034-n	aliviar-00063916-v	u.c.StringArray(elements=['dejar que un líquido salga por el aliviadero de un recipiente, para evitar que sobrepase un determinado nivel de este', 'quitar a alguien o algo parte del peso que sobre él o ello carga.'])	u.c.StringArray(elements=['disminuir o mitigar las enfermedades, las fatigas del cuerpo o las aflicciones del ánimo.'])
OneWordMV	alto	alto grado, presión arterial alta, fiebre alta, alta incertidumbre, 	31, 53, 23	alto-01204557-a	alto-01210854-a		
OneWordMV	amanecer	amanecer con dolor	25	amanecer-07326108-n	despertar-00018813-v		u.c.StringArray(elements=['aparecer o presentarse, especialmente de modo inesperado'])
OneWordMV	amargado	amargar, amargado	3	amargo-02369460-a	amargo-01364993-a		
OneWordMV	amargar	amargar, amargado	3	amargo-02369460-a	amargo-01364993-a		
OneWordMV	amoldarse	amodar(se)	39	molde-05938795-n	adaptar-00150287-v		
OneWordMV	ángel	mi mamá ahora ya es un angelito'	26	ángel-09538915-n	morir-00358431-v		
OneWordMV	animado	animar, animado, desanimar, ánimo, te animo, mucho animo	34, 76, 3	animado-00118066-a	animado-00362467-a		
OneWordMV	anuncio						
OneWordMV	apagar	apagar(se)	26	apagar-02761897-v	morir-00358431-v		u.c.StringArray(elements=['morirse (‖ llegar al término de la vida). (rae)'])
OneWordMV	aparecer	aparición, aparecer	24, 52				
OneWordMV	aparición	aparición, aparecer	24, 53				
OneWordMV	aplicar	aplicar	6	aplicar-01233387-v	administrar-00081072-v		
OneWordMV	apoderar	apoderar(se)	32	apoderarse-01213614-v	tener-00065370-v		
OneWordMV	aportar	aportar	77	aportar-02237782-v	aportar-01182709-v		
OneWordMV	apoyar	apoyar, apoyar(se)	31, 76, 77	apoyar-01217043-v, apoyo-04359589-n	 apoyo-07251984-n, apoyo-05693919-n		
OneWordMV	aprendizaje						
OneWordMV	apuntar	todo parece apuntar a'	5	guiar-01931768-v	indicar-00772640-v		
OneWordMV	arcada	arcada	23	arcada-02734217-n	arcada-14359952-n		
OneWordMV	armar	armar, armar(se)	3	armar-01087197-v	armar-00407848-v		
Frame	armar	armarte de paciencia, valor y esperanza	34				
OneWordMV	arranque	arrancar el tratamiento	63	arrancar-01592456-v	arrancar-00349223-v		
OneWordMV	arrasar	arrasar	3	arrasar-01661804-v	arrasar-01102997-v		
OneWordMV	arrear	supongo que así es como se siente uno cuando le arrean un puñetazo en la cara	53			u.c.StringArray(elements=['estimular a las bestias para que echen a andar'])	u.c.StringArray(elements=['dar prisa, estimular'])
OneWordMV	arrear	si te lo notas más inflamado pues arreando al médico'	83	arrear-02652376-v	ir-00341560-v		
OneWordMV	arrebatar	arrebatar la vida	33				
OneWordMV	arrojar	arrojar	13	arrojar-01242689-v, arrojar-02222318-v	arrojar-01629403-v		
OneWordMV	asaltar	asaltar	3	asalto-00773814-n	asaltar-01318081-v		
OneWordMV	asimilar	asimilar una noticia, 63					
OneWordMV	atacar	atacar, ataques	11	atacar-00019792-v	atacar-01119169-v		
OneWordMV	ataque	atacar, ataques	11	atacar-00019792-v	atacar-01119169-v		
OneWordMV	atormentar	tormenta, atormentar	31	tormenta+%C3%ADgnea-11457944-n	atormentar-01802689-v	u.c.StringArray(elements=['tr. causar dolor o molestia corporal. (rae)'])	atormentar
OneWordMV	atrapado	atrapar, atrapado	11, 21	atrapar-01215421-v	atrapar-02496185-v		
OneWordMV	atrapar	atrapar, atrapado	11, 22	atrapar-01215421-v	atrapar-02496185-v		
OneWordMV	atravesar	59					
OneWordMV	avance	avanzar, avanzado, avance	6	avanzar-01995549-v, avanzar-01884266-v	curar-00081725-v		
OneWordMV	avance	avanzar, avanzado, avance	84	avanzar-01995549-v, avanzar-01884266-v	progreso-00249501-n		
OneWordMV	avanzado	avanzar, avanzado, avance	11, 13	avanzar-01995549-v, avanzar-01884266-v	metástasis-13514314-n		
OneWordMV	avanzar	avanzar, avanzado, avance	34	avanzar-01995549-v, avanzar-01884266-v	avanzar-00248659-v		
OneWordMV	avanzar	avanzar, avanzado, avance	11, 12	avanzar-01995549-v, avanzar-01884266-v	metástasis-13514314-n		
Frame_RoleMismatch	avanzar	medicina aunque lentamente avanza	84				
OneWordMV	ayuda	ayudar, ayuda	7, 77, 22, 76	ayudar-02414710-v; ayudar-02547586-v	ayudar-00082081-v; ayuda-00654885-n		
Frame	ayuda	pedir ayuda no es un signo de debilidad, sino de coraje					
OneWordMV	ayudado	ayudar, ayuda	7, 77, 22, 74	ayudar-02414710-v; ayudar-02547586-v	ayudar-00082081-v; ayuda-00654885-n		
OneWordMV	ayudar	ayudar, ayuda	7, 77, 22, 75	ayudar-02414710-v; ayudar-02547586-v	ayudar-00082081-v; ayuda-00654885-n		
OneWordMV	baja	bajar la inflamación, bajar las defensas	23				
OneWordMV	bajar	bajar, tener bajas las defensas	23	bajar-01976841-v	bajar-00267855-v		
OneWordMV	bajón	bajón	3	bajar-01976841-v			
OneWordMV	barajar	barajar posibilidades	6, 51	barajar-01418667-v	contemplar-00703875-v		u.c.StringArray(elements=['considerar las varias posibilidades o alternativas antes de tomar una decisión.'])
OneWordMV	basar	tratamiento basado en	62	base-03387016-n	basar-00636888-v		
OneWordMV	batalla	batalla	6, 2	batalla-01170962-n	batalla-00788973-n		
OneWordMV	benigno		12		benigno-02594565-a	u.c.StringArray(elements=['afable, benévolo, piadoso.'])	
OneWordMV	bicho	bicho, vicho, Vicho, el bicho	11	bicho-01315980-n	cáncer-14239918-n		
OneWordMV	bloqueado	bloquear, bloqueado, bloquear(se)	3			Interceptar, obstruir o cerrar el paso.	Entorpecer, paralizar las facultades mentales de alguien
OneWordMV	bloquear	bloquear, bloqueado, bloquear(se)	3			Interceptar, obstruir o cerrar el paso.	Entorpecer, paralizar las facultades mentales de alguien
OneWordMV	bloques		6	bloque-02852523-n	grupo-07951464-n		u.c.StringArray(elements=['m. conjunto de cosas con alguna característica común.(rae)'])
OneWordMV	bola		12, 11	bola-02778669-n	tumor-14235200-n		
OneWordMV	borde						
OneWordMV	brusco	brusco	72	brusco-01145151-a	brusco-00640660-a		
OneWordMV	brutal		25	brutal-00269032-r	brutal-01263013-a		
OneWordMV	bucle	todo es incertidumbre y porcentajes de supervivencia, estadísticas, probabilidades... No es cuestión de optimismo, es cuestión de una situación real, por la que seguro pasan miles de personas y se ven atrapadas en un bucle"	9, 31, 29	bucle-05257737-n	desespero-07541923-n; recurrente-00592880-a		u.c.StringArray(elements=['objeto cuya forma recuerda la del bucle (rae).'])
OneWordMV	bulto		12	bulto-05104421-n	bulto-14234074-n		
OneWordMV	burbuja		36	burbuja-09229709-n	soledad-04622415-n		u.c.StringArray(elements=['habitáculo hermético y aislado del exterior.'])
OneWordMV	buscar	buscar información, buscar consuelo, buscar testimonios	53	buscar-00648224-v	buscar-02530167-v		
OneWordMV	ca.	cáncer	11		cáncer-14239918-n		
OneWordMV	caer	caer, caída	23	 caer-00342314-v	caer-00152887-v		
Frame	caer	caída libre sin control					
Frame_RoleMismatch	caer	se me cayó el mundo encima					
Frame_RoleMismatch	caer	se quieren caer a trozos					
OneWordMV	caída	caer, caída	23	 caer-00342314-v	caer-00152887-v		
OneWordMV	calvario		33	calvario-08796219-n	calvario-07287730-n	u.c.StringArray(elements=['camino señalado con cruces o altares, que se recorre rezando en cada uno de ellos en memoria de los pasos de jesús hacia el monte calvario. (rae)'])	
Frame	cambiar	(el cáncer) haya cambiado mi vida					
Frame	cambiar	la enfermedad les cambia el carácter					
Frame_RoleMismatch	cambiar	esta noticia nos ha cambiado la vida					
Frame	caminar	caminar sobre un campo de minas					
OneWordMV	camino		2	camino-04564698-n	proceso-05701363-n		
OneWordMV	camino	el camino por delante es incierto'	6, 52	incierto-02059381-a			
OneWordMV	campeón		71	campeón-09906704-n	paciente-10405694-n		
OneWordMV	candidato		71	candidato-09889691-n	candidato-09890749-n		
OneWordMV	capaz	el cerebro no es capaz de acumular'		capaz-00051045-a			
Frame_RoleMismatch	capaz	tu cerebro no es capaz					
OneWordMV	captar		83	captar-00588221-v			u.c.StringArray(elements=['tr. recibir, recoger sonidos, imágenes, ondas, emisiones radiodifundidas. (rae)'])
OneWordMV	carga		35	cargar-01483131-v	carga-05832745-n		
Frame	carga	librarse de esta carga tan pesada					
OneWordMV	cargo		3	cargar-01483131-v	cargar-00748084-v		
OneWordMV	casa	es la segunda vez que el cáncer entra en mi casa'	11	casa-02913152-n	cuerpo-05216365-n		
Frame	casa	La casa en la que vivíamos juntas se me hace grande					
OneWordMV	castigado		21, 23	castigar-02500144-v	da%C3%B1ado-00679147-a		
OneWordMV	cedido	ceder la piel', 	23	ceder-00435103-v			
OneWordMV	centrado		3	centrado-00330644-a			
OneWordMV	cepa		12	tronco-14942762-n		u.c.StringArray(elements=['parte del tronco de cualquier árbol o planta, que está dentro de tierra y unida a las raíces.'])	u.c.StringArray(elements=['grupo de organismos emparentados, como las bacterias, los hongos o los virus, cuya ascendencia común es conocida.'])
FormulaicExpression	CercaníaFísica	aquí me tienes					
FormulaicExpression	CercaníaFísica	ahí estás.					
FormulaicExpression	CercaníaFísica	aquí estamos					
FormulaicExpression	CercaníaFísica	aquí estoy para lo que quireas					
FormulaicExpression	CercaníaFísica	estamos a tu lado					
FormulaicExpression	CercaníaFísica	estamos a vuestro lado					
FormulaicExpression	CercaníaFísica	estar a su lado					
OneWordMV	cerrar	cerrar una herida	6	cerrar-01345109-v			
OneWordMV	chillar	chillar el pecho	23	chillar-00913065-v	sibilancia-00836407-n		
OneWordMV	choque		3	choque-00126236-n	choquear-01783022-v		
OneWordMV	círculo		75	c%C3%ADrculo-13873502-n	c%C3%ADrculo-08240169-n		
OneWordMV	claro	estar o tener algo claro	6, 51				
OneWordMV	claro	pese a que tengo claros los pasos que se vana realizar, no entiendo con claridad la situación'	53	claro-00269989-a	comprensible-00532892-a		
OneWordMV	claro	claroscuro	38	claroscuro-03016056-n			
OneWordMV	coger	coger fuerzas	3	coger-01214265-v			
OneWordMV	coger	coger a tiempo	11, 5	coger-01214265-v	coger-00588888-v		
OneWordMV	cola		82	cola-02157557-n	cola-15268367-n		
OneWordMV	combatir	combatir, combate: 76, 60					
OneWordMV	compáñera de vida						
OneWordMV	compañía	acompañar, compañía, 'es el amor el que te acompañará', acompañar en el sentimiento	77	acompañar-02025550-v			Participar en los sentimientos de alguien.
OneWordMV	compartir		81, 53	compartir-02295550-v	compartir-01063930-v		
OneWordMV	completo	respuestas completas	53	completo-00515380-a			
OneWordMV	comprometido	tener comprometido	5	comprometer-01036319-v			
OneWordMV	condición	me adapté bastante bien a mi nueva condición'	23	condición-06770875-n	efecto secundario-11415608-n		
OneWordMV	conexión		7	conexi%C3%B3n-00145218-n', 'https://github.com/4dpicture/Medical-FLAVORS/data/wordnet/conexi%C3%B3n-03091374-n	conexi%C3%B3n-13792579-n		
OneWordMV	confiar	confiar en los médicos					
OneWordMV	constante	ser constante	27	constante-00595299-a			
OneWordMV	consumir	consumir, consumir(se)	2	consumirse-00151689-v	consumirse-00241689-v		
OneWordMV	continuación						
OneWordMV	control	controlar, control, controlado	12, 28, 25, 51	controlar-00202569-v	controlar-02443049-v		
OneWordMV	controlado	controlar, control, controlado	12, 28, 25, 49	controlar-02441022-v', 'https://github.com/4dpicture/Medical-FLAVORS/data/wordnet/controlar-02443049-v	estable-01754421-a		
OneWordMV	controlar	controlar, control, controlado	12, 28, 25, 50	controlar-00202569-v	controlar-02443049-v		
OneWordMV	controlar	controlar, control, controlado	12, 28, 25, 51	controlar-00202569-v	controlar-02533282-v		
OneWordMV	controlar	controlar, control, controlado	12, 28, 25, 52	controlar-00202569-v', 'https://github.com/4dpicture/Medical-FLAVORS/data/wordnet/controlar-02454939-v	paliar-00064095-v		
OneWordMV	contundente		53		contundente-01770392-a	u.c.StringArray(elements=['dicho de un instrumento o de un acto: que produce contusión (rae)'])	
OneWordMV	convivir		2, 11			u.c.StringArray(elements=['vivir en compañía de otro u otros.'])	u.c.StringArray(elements=['coexistir en armonía'])
Frame	convivir	convive con el cáncer					
OneWordMV	coraje		3	coraje-04857083-n	coraje-01211019-n		
OneWordMV	corazón		36	coraz%C3%B3n-05388805-n	coraz%C3%B3n-05919263-n		
OneWordMV	cosa						
OneWordMV	costar		2, 31, 29	costar-02702508-v	costar-02628961-v		
OneWordMV	crecer	crecer (el cáncer)		crecer-00231557-v	carcinogénesis-80001130-n		
Frame_RoleMismatch	cruel	La vida fue cruel					
OneWordMV	cruzar		11	cruzar-01912159-v	cruzarse-01913997-v		
OneWordMV	cuadrar	no cuadrar (los resutados)	5	cuadrar-00145448-v	tener sentido-02619612-v		
OneWordMV	cuadro	cuadro de vértigo	23	cuadro-03876519-n			
OneWordMV	cubrir	cubrir necesidades básicas	27	cubrir-02147109-v			
OneWordMV	cuello	cuello uterino					
OneWordMV	culpa	por culpa de la enfermedad	2, 21, 11	culpa-13990675-n			u.c.StringArray(elements=['hecho de ser causante de algo (rae)'])
OneWordMV	dar	dar tos (ataque de tos),  dar pasos,  dar enfermedad, dar bajón, dar visibilidad	3, 77, 23	dar-01629000-v	dar-00108604-v		
OneWordMV	dar	dar gracias, dar luz,  dar descanso, dar crédito, dar por perdido, dar por vencido	3, 77, 24	dar-01629000-v	dar-00888009-v		
OneWordMV	dar	dar información, dar noticias, dar oportunidad, dar opinión, dar resultados,  dar cita, dar el alta, dar revisión, dar seguimiento, dar negativo, dar vacaciones, darse cuenta, dar(le) vueltas a algo	3, 77, 25	dar-01629000-v	dar-01060494-v		
OneWordMV	dar	dar alegría, dar tranquilidad, dar largas, dar miedo, dar amor, dar cariño, dar rabia, dar pánico, dar fuerzas, dar (palabras de) ánimo, dar ánimos, dar esperanzas, dar pánico, dar tregua, dar con	3, 77, 26	dar-01629000-v	dar-02309165-v		
Frame_RoleMismatch	dar un giro	mi vida a dado un giro total					
OneWordMV	débil	débil, debilidad, debilitado	26	d%C3%A9bil-01747364-a	d%C3%A9bil-01178134-a		
OneWordMV	débil	débil, debilidad, debilitado	26	d%C3%A9bil-01827766-a	d%C3%A9bil-01178134-a		
OneWordMV	debilidad	débil, debilidad, debilitado	26	d%C3%A9bil-01747364-a	d%C3%A9bil-01178134-a		
OneWordMV	debilitado	débil, debilidad, debilitado	26	d%C3%A9bil-01747364-a	d%C3%A9bil-01178134-a		
OneWordMV	decaer	decaer, decaído	34	decaer-02039876-v	decaer-00203866-v		u.c.StringArray(elements=['dicho de una persona o de una cosa: ir a menos, perder alguna parte de las condiciones o propiedades que constituían su fuerza, bondad, importancia o valor.'])
OneWordMV	decaído	decaer, decaído	34	decaer-02039876-v	decaer-00203866-v		u.c.StringArray(elements=['dicho de una persona o de una cosa: ir a menos, perder alguna parte de las condiciones o propiedades que constituían su fuerza, bondad, importancia o valor.'])
OneWordMV	decantado		51	decantar-02070296-v	decantar-00674607-v', 'https://github.com/4dpicture/Medical-FLAVORS/data/wordnet/decantar-00679389-v		
OneWordMV	declinar	declinar oportunidades					
OneWordMV	declive	declive de salud	2	declive-09265620-n			
OneWordMV	dejar	dejar el tratamiento, dejar de pensar, dejar vivir, dejar de fumar, dejar de tener, dejar (algo) atrás, dejar pasar el tiempo, dejar de buscar, dejar de hablar, dejar tocado, dejar testimonio, dejar helado, dejar frío, dejar echo polvo, dejar en paz	6, 3	dejar-02009433-v	interrumpir-00362348-v		
Frame_RoleMismatch	dejar	un dolor de estómago permanente que no me deja alimentarme y recuperarme bien.					
OneWordMV	delicado		23	delicado-00709215-a	enfermo-02541302-a	u.c.StringArray(elements=['fino, atento, suave, tierno.'])	u.c.StringArray(elements=['difícil, expuesto a contingencias'])
OneWordMV	delirio		2	delirio-14387202-n	delirio-14391876-n		
OneWordMV	demoledor	resultado demoledor					
Frame	dentro	te sientes bien por dentro y por fuera					
OneWordMV	depender	depender algo de alguien					
OneWordMV	deriva		83		mandar-01031256-v		
OneWordMV	derivar	derivar a urgencias					
OneWordMV	derrumbar	derrumbar, derrumbar(se)	33	derrumbar-01656458-v', 'https://github.com/4dpicture/Medical-FLAVORS/data/wordnet/derrumbarse-01972570-v	derrumbarse-02041877-v		
OneWordMV	desahogar(se)	desahogar(se), desahogo	30	desahogo-03303965-n	desahogo-07493280-n		
OneWordMV	desahogar(se)	desahogar(se), desahogo	30	desahogo-03303965-n	desahogo-07493280-n		
OneWordMV	desalentador	noticia desalentadora	53	aliento-14841770-n	desalentador-00364881-a		
OneWordMV	desaparecer		11	desaparecer-02156844-v			u.c.StringArray(elements=['dejar de existir. (rae)'])
OneWordMV	desaparecido			desaparici%C3%B3n-00053609-n	remitir-00268314-v', 'https://github.com/4dpicture/Medical-FLAVORS/data/wordnet/desaparecer-00267681-v		
OneWordMV	desaparición						
OneWordMV	desarrollo	desarrollar medicamentos, desarrollar un cáncer, desarrollar defensas 					
OneWordMV	descalabro	siento que, tan joven, te toque pasar por estos "descalabros" que la vida nos prepara!	2	descalabro-07318299-n			
OneWordMV	descalabros		81	descalabro-07318299-n	descalabro-07475870-n		
OneWordMV	descansar		26	descansar-00014405-v	descansar-01548072-v		
OneWordMV	descargar		30	descargar-00448680-v	descargar-01815471-v		
OneWordMV	descartar		61	descarte-00091503-n	descartar-00685419-v		
OneWordMV	desconectar		30	desconectar-01356038-v', 'https://github.com/4dpicture/Medical-FLAVORS/data/wordnet/desconectar-01510576-v	relajar-00025985-v', 'https://github.com/4dpicture/Medical-FLAVORS/data/wordnet/relajarse-00082308-v		
OneWordMV	descubrir	descubrir, descubrimiento	53, 34	descubrimiento-00043195-n	descubrimiento-05808218-n		
OneWordMV	desechar	desechar, desecha	33	desechar-00569870-v			u.c.StringArray(elements=['prnl. afligirse mucho, consumirse, estar sumamente impaciente o inquieto. (rae)'])
OneWordMV	desenlace		5	desenlace-06743867-n	diagnóstico médico-00153105-n		
OneWordMV	desfallecer		33	desfallecimiento-14016361-n			
OneWordMV	desgarrador	desgarrar, desgarrador	33	desgarrar-00292672-v	desgarrador-01365544-a', 'https://github.com/4dpicture/Medical-FLAVORS/data/wordnet/desgarrador-01711724-a		
OneWordMV	desgarrar	desgarrar, desgarrador	33	desgarrar-00292672-v	desgarrador-01365544-a', 'https://github.com/4dpicture/Medical-FLAVORS/data/wordnet/desgarrador-01711724-a		
OneWordMV	desgaste		2	desgaste-13423615-n			u.c.StringArray(elements=['perder fuerza, vigor o poder. (rae)'])
OneWordMV	desgracia		2	desgracia-00217773-n			
OneWordMV	deshacer(se)		11	deshacer-00447309-v	deshacer-01564144-v		
OneWordMV	desolado		32, 36	desolado-01242750-a	desolador-01229561-a		
OneWordMV	desorientado		38	orientación-13828075-n			
OneWordMV	despedir	despedirse del mundo	26	despedirse-00900961-v	morir-00358431-v		
OneWordMV	despejar		7	despejar-00181559-v	despejarse-02771169-v		
OneWordMV	destrozado	destrozar, destrozado	33, 11, 22	destrozar-00333758-v	destrozar-00260311-v		
OneWordMV	destrozar	destrozar, destrozado	33, 11, 21	destrozar-00333758-v	destrozar-00260311-v		
OneWordMV	detener		12	detener-01859221-v			
Frame_RoleMismatch	detener	(el cáncer) no debe detener tu vida.					
OneWordMV	devastado	devastador, devastado	3	devastar-00388635-v	devastar-00260311-v		
OneWordMV	devastador	devastador, devastado	3	devastar-00388635-v	devastar-00260311-v		
OneWordMV	devolver	sueño que mi cuerpo me devuelva la fertilidad					
Frame_RoleMismatch	devolver	sueño que mi cuerpo me devuelva la fertilidad					
OneWordMV	difícil		35		dif%C3%ADcil-00744916-a	u.c.StringArray(elements=['que presenta obstáculos (‖ impedimentos). (rae)'])	
OneWordMV	digerir	digerir noticias	53	alimentación-00838367-n"	digerir-00590924-v		
OneWordMV	directo	respuesta directa, pregunta directa, ser directo					
OneWordMV	dirigir		72	dirigir-01931768-v	dirigir-01151889-v		
OneWordMV	diseminado	diseminar el cáncer					
OneWordMV	disipado	disipar el tumor					
OneWordMV	disminuir	disminuir el estrés					
OneWordMV	dolor		3	dolor-14322699-n	dolor-05833683-n		
OneWordMV	dormir	dormir el tumor					
OneWordMV	droga		6				
OneWordMV	durar		26	durar-02410175-v	durar-02614181-v		
OneWordMV	duro		2, 6, 23, 35, 21	duro-01152620-a	duro-00746047-a		
OneWordMV	echar	echar un poco de cabeza, echar un vistazo, echar una mano, dejar echo polvo					
OneWordMV	elevado						
OneWordMV	eliminación	eliminar, eliminación, eliminado	22, 11, 22	eliminar-00173338-v', 'https://github.com/4dpicture/Medical-FLAVORS/data/wordnet/eliminar-02482425-v	eliminar-00072989-v, matar, quitar		
OneWordMV	eliminado	eliminar, eliminación, eliminado	23, 11, 22	eliminar-00173338-v', 'https://github.com/4dpicture/Medical-FLAVORS/data/wordnet/eliminar-02482425-v	eliminar-00072989-v, matar, quitar		
OneWordMV	eliminar	eliminar, eliminación, eliminado	21, 11, 22	eliminar-00173338-v', 'https://github.com/4dpicture/Medical-FLAVORS/data/wordnet/eliminar-02482425-v	eliminar-00072989-v, matar, quitar		
OneWordMV	empezar		62	empezar-00345761-v			
OneWordMV	emplear		64	reclutar-02240151-v	utilizar-01158872-v		
OneWordMV	encajar		22	encajar-01527271-v	solucionar-00698855-v		
OneWordMV	encargado		64	encargar-00746718-v	utilizar-01158872-v		
OneWordMV	enchufar		6	plug into an outlet: conectar, enchufar	tratar-00080304-v		
OneWordMV	encontrado	encontrar, encontrado	52, 53, 12	encontrar-00721437-v	encontrar-00918872-v		
OneWordMV	encontrar	encontrar, encontrado	76	encontrar-00721437-v	conocer-00594337-v		
OneWordMV	encontrar	encontrar, encontrado	52, 53, 11	encontrar-00721437-v	encontrar-00918872-v		
OneWordMV	encontrar	encontrar, encontrado	34, 39, 21	encontrar-00721437-v	encontrar-02739480-v		
OneWordMV	enemigo		11	enemigo-07946851-n	cáncer-14239918-n		
OneWordMV	energía	te mando energía	34	energía-11452218-n			
OneWordMV	enfermo		33	enferma-02541302-a	enfermarse-02195191-v		
OneWordMV	enfocado		31	enfocar-00292368-v	enfocar-00722232-v		
OneWordMV	enfrentar	entrentar, enfrentar(se)	2, 53, 26	enfrentarse-01079480-v	enfrentarse-00812298-v', 'https://github.com/4dpicture/Medical-FLAVORS/data/wordnet/enfrentarse-01079480-v', 'https://github.com/4dpicture/Medical-FLAVORS/data/wordnet/enfrentarse-01091427-v		
OneWordMV	enrollar		81	enrollar-00435688-v	hablar-00941990-v		
OneWordMV	ensayo	ensayo clínico					
OneWordMV	entender		73	entender-00588221-v	entender-00590642-v		
OneWordMV	entereza		3	entereza-14461231-n	entereza-05032193-n		
OneWordMV	entrar		76	entrar-02016523-v	entrar-01082606-v		
OneWordMV	entrar		11	entrar-02016523-v	estar enfermo-00065370-v	u.c.StringArray(elements=['intr. ir o pasar de fuera adentro. (rae)'])	
OneWordMV	enviar	enviar, envío	83	enviar-01031256-v', 'https://github.com/4dpicture/Medical-FLAVORS/data/wordnet/enviar-01062555-v', 'https://github.com/4dpicture/Medical-FLAVORS/data/wordnet/enviar-01437254-v', 'https://github.com/4dpicture/Medical-FLAVORS/data/wordnet/enviar-01950798-v', 'https://github.com/4dpicture/Medical-FLAVORS/data/wordnet/enviar-01955127-v	enviar-02348568-v		u.c.StringArray(elements=['encomendar a alguien que vaya a alguna parte (rae).'])
OneWordMV	episodio		25	capítulo-06621771-n	episodio-07289956-n		
OneWordMV	escapar		22	escapar-02008396-v	curarse-00270561-v		
OneWordMV	escapar		12, 22	escapar-02074677-v	escapar-00810729-v', 'https://github.com/4dpicture/Medical-FLAVORS/data/wordnet/saludable-01170243-a		
OneWordMV	escenario		52				
OneWordMV	escuchar		77	escuchar-02169891-v	escuchar+atentamente-02170427-v		
OneWordMV	espacio						
OneWordMV	esperanza	tener esperanza	31	esperanza-05950733-n', 'https://github.com/4dpicture/Medical-FLAVORS/data/wordnet/esperanza-07541053-n	esperanza-14483620-n', 'https://github.com/4dpicture/Medical-FLAVORS/data/wordnet/esperanza+de+vida-15142025-n		
OneWordMV	estabilizar	estabilizar, estable	28	estable-00894551-a	estable-01754421-a	u.c.StringArray(elements=['que mantiene o recupera el equilibrio.'])	
OneWordMV	estable	estabilizar, estable	28	estable-00894551-a	estable-01754421-a	u.c.StringArray(elements=['que mantiene o recupera el equilibrio.'])	
OneWordMV	estancado	estancar, estancado		Detener y parar el curso y corriente de un líquido.	Entorpecer, paralizar las facultades mentales de alguien.		
OneWordMV	estancar	estancar, estancado		Detener y parar el curso y corriente de un líquido.	Entorpecer, paralizar las facultades mentales de alguien.		
OneWordMV	estar		76	estar-02655135-v	participar-01082606-v		
OneWordMV	estar	pasar por	26	estar-02655135-v	vivir-02614181-v		
Frame_RoleMismatch	estar presente	la ansiedad estaba siempre presente					
Frame_RoleMismatch	estar presente	la ansiedad estaba siempre presente					
OneWordMV	estocada		33	estocada-00290276-n	pasmo-07509572-n		
OneWordMV	estudios	realizar los estudios	85				
OneWordMV	evacuar		23	desalojar-02076676-v	cagar-00074038-v		
OneWordMV	evadir	evadir preguntas	53	evadir-02074677-v	evitar-00811171-v		
OneWordMV	evitar		51	evitar-02096494-v	evitar-02599878-v		
OneWordMV	evolucionar	evolucionar, evolución	2		evolucionar-01738597-v', 'https://github.com/4dpicture/Medical-FLAVORS/data/wordnet/evoluci%C3%B3n-00282050-n		
OneWordMV	exagerar	sangrado exagerado	23	exagerado-01534282-a			
OneWordMV	existencia	existir, existencia	3	existir-02603699-v	existir-02614181-v		
OneWordMV	existir	existir, existencia	3	existir-02603699-v	existir-02614181-v		
OneWordMV	exponer		30		exponer-00875806-v	u.c.StringArray(elements=['tr. presentar algo para que sea visto. (rae)'])	
OneWordMV	expulsar		30	expulsar-02222318-v	desahogado-00479330-a		
OneWordMV	extender	extender, extenso, extendido, extender una noticia, extender un tumor	53, 81	extender-02082690-v	diseminar-00968211-v		
OneWordMV	extender	extender, extenso, extendido, extender una noticia, extender un tumor	11	extender-02082690-v	metástasis-13514314-n		
OneWordMV	extenso	extender, extenso, extendido, extender una noticia, extender un tumor	11	extender-02082690-v	metástasis-13514314-n		
OneWordMV	extirpado	extirpar, extirpado	6, 62			u.c.StringArray(elements=['en una operación quirúrgica, quitar un órgano o una formación patológica', 'arrancar de cuajo o de raíz.'])	
OneWordMV	extirpar	extirpar, extirpado	6, 61			u.c.StringArray(elements=['en una operación quirúrgica, quitar un órgano o una formación patológica', 'arrancar de cuajo o de raíz.'])	
OneWordMV	extraño		11	extra%C3%B1o-10103921-n	extra%C3%B1o-00969333-a		
OneWordMV	extremo		35	extremo-00446107-a	extremo-01212095-a		
OneWordMV	facilitar	facilitar información	53	facilitar-00518395-v	facilitar-00876200-v		
OneWordMV	factor		5				
OneWordMV	fallar	llevar sin fallo	6, 23	fallar-00434374-v	fallar-02528380-v		
OneWordMV	familia		76, 75	familia-07969695-n	familiaridad-04655442-n		
OneWordMV	fan						
OneWordMV	fase	fase de desconcierto	2, 3	fase-00306900-n	fase-13939892-n		
OneWordMV	fastidiar		2, 11	fastidiar-01789514-v', 'https://github.com/4dpicture/Medical-FLAVORS/data/wordnet/fastidiar-02507736-v			
OneWordMV	fe		31	fe-08081668-n	esperanza-07541053-n		
OneWordMV	fin	fin, final	26	fin-08565894-n, final-01010025-a	final-14562960-n		
OneWordMV	firme		53	firme-01151740-a', 'https://github.com/4dpicture/Medical-FLAVORS/data/wordnet/firme-02095542-a', 'https://github.com/4dpicture/Medical-FLAVORS/data/wordnet/firme-02095670-a	firme-00764484-a', 'https://github.com/4dpicture/Medical-FLAVORS/data/wordnet/firme-02130272-a		
OneWordMV	flojear	flojear, flojo	3, 23	flojo-00503321-a	desánimo-14486533-n		
OneWordMV	flojo	flojear, flojo	3, 24	flojo-00503321-a	desánimo-14486533-n		
OneWordMV	focalizado	focalizado, foco	11, 12	enfocar-00292368-v	ubicación-00155487-n		
OneWordMV	foco	focalizado, foco	11, 13	enfocar-00292368-v	ubicación-00155487-n		
OneWordMV	foco	foco residual del tumor	28	residuo-13810818-n			
OneWordMV	fortaleza		34	fortaleza-03386011-n	fortaleza-05029706-n		
OneWordMV	frenar		11	frenar-01863593-v			
OneWordMV	frio		36	fr%C3%ADo-05015463-n	fr%C3%ADo-00857206-a		
OneWordMV	frio		73	frío-01251128-a	distante-01077263-a		
OneWordMV	fruto		8	fruto-04612722-n', 'https://github.com/4dpicture/Medical-FLAVORS/data/wordnet/fruto-13134947-n	fruto-04612722-n		
OneWordMV	fuente		3	fuente-03387815-n', 'https://github.com/4dpicture/Medical-FLAVORS/data/wordnet/fuente-09443453-n	fuente-04263614-n		
OneWordMV	fuera		3	fuera-00129527-n	f%C3%ADsicamente-00115254-r		
OneWordMV	fuerte		34	fuerte-02387413-a	fuerte-01188762-a		
OneWordMV	fuerza		77, 34, 7, 3, 22	fuerza-00103834-n	fuerza-01211019-n		
FormulaicExpression	Fuerza	mucha fuerza					
FormulaicExpression	Fuerza	mucha fuerza y alegría					
FormulaicExpression	Fuerza	Mucha fuerza y ánimo					
FormulaicExpression	Fuerza	todas mis fuerzas					
OneWordMV	funcionar		6	funcionar-01525666-v	funcionar-02525447-v		
OneWordMV	ganas						
OneWordMV	gestionar		3	gestionar-02431971-v	sentir-00690305-v		
OneWordMV	girar		32	girar-00100410-v	pensar-00608808-v		
OneWordMV	golpear	golpear, golpe, ser un golpe	53	golpe-00133338-n			
Frame_RoleMismatch	golpear	la vida va a golpear					
OneWordMV	grande	reto grande	6	grande-00624576-a			
OneWordMV	grave		23	grave-01215421-a	grave-00580039-a		
OneWordMV	gravedad		52	gravedad-11464143-n	gravedad-05036715-n		
OneWordMV	guiar		72, 53	guía-01144876-n	guía-06422740-n		
Frame	guiar	guiándote con cariño a través de este proceso					
OneWordMV	gusto			gusto-05658226-n', 'https://github.com/4dpicture/Medical-FLAVORS/data/wordnet/gusto-05844282-n	gusto-05749619-n		u.c.StringArray(elements=['manera de apreciar las cosas cada persona.'])
OneWordMV	haber	hoy en día hay					
OneWordMV	hacer	deberías hacer, empezar hacer, es lo que tienes que hacer., ha de hacer, hacer efecto, hacer caso, hacer como si nada (pasase), hacer frente (a algo), hacer mella, hacer nada, hacer todo lo posible, hacer tu vida, hacer vida normal, hacerse a algo, hacer estragos 			hacer-00010435		
OneWordMV	hallazgo		11	hallazgo-00043195-n	detectar-02154508-v		
OneWordMV	hermano		75	hermano-09876454-n	hermano-09877951-n		
OneWordMV	hinchado		23	hinchar-00264034-v	hinchar-00263682-v		
OneWordMV	hombro		77	hombro-05548840-n	hombro+a+hombro-00034500-r		
OneWordMV	horrible	google solo cuenta estadísticas horribles'	52	horrible-01126291-a			
OneWordMV	humanidad		83	humanidad-02472987-n	humanidad-04828925-n		
OneWordMV	humano	ser muy humano	72	humano-00007846-n	humano-01261867-a		
OneWordMV	hundido		3	hundido-01212867-a, hundir-01986869-v, hundir-01530098-v	aburmado, abatido		u.c.StringArray(elements=['abrumar, oprimir, abatir. (rae)'])
OneWordMV	identificar	indentificar(se) con alguien		identificar-00618878-v			
OneWordMV	idioma		77, 3	vivir-02614181-v	sentir-00596644-v		
Frame	idioma	teníamos un idioma que tan solo nosotras entendíamos 					
Frame	idioma	quién más va a entender este idioma					
OneWordMV	imaginar	tengo trabajo y no imagino el día en que vuelva allí y hacer como si nada pasase'		imaginar-01636397-v			
OneWordMV	impactante	impacto, impactante	21, 54	impacto-01173038-n	impacto-11414411-n		
OneWordMV	impacto	impacto, impactante	21, 53	impacto-01173038-n	impacto-11414411-n		
OneWordMV	impedimento	tener impedimentos	51	impedimento-05691144-n	aceptar-00797697-v		
OneWordMV	implante		12, 61	plantar-01567275-v	implante-03563710-n	u.c.StringArray(elements=['med. prótesis, tejido o sustancia que se coloca en el cuerpo para mejorar alguna de sus funciones, o con fines estéticos.', 'plantar, encajar, injertar.'])	
OneWordMV	inactivo		12, 28	inactivo-01564315-a	inactivo-00033574-a		
OneWordMV	incertidumbre						
OneWordMV	infierno		2	infierno-05629381-n	infierno-07305907-n		
OneWordMV	influir	influir en las respuestas	53	influir-00701040-v			
OneWordMV	injusto	enfermedad injusta					
OneWordMV	inmenso	agradecimiento inmenso	3	inmenso-01385255-a			
OneWordMV	inmerso	pasar una vida inmersa en hospitales	2, 83	inmersión-00442981-n			
OneWordMV	insaciados		3	insaciable-02078399-a	insaciablemente-00376761-r		
OneWordMV	insoportable		25	soporte-04359589-n			
OneWordMV	integrantes		7	integrante-03081021-n	integrante-01330986-a		
OneWordMV	intercambiar			intercambiar-00121926-v	intercambiar-02257370-v		
OneWordMV	interior	paz interior	3			u.c.StringArray(elements=['que está en la parte de adentro.'])	u.c.StringArray(elements=['que solo se siente en el alma.'])
OneWordMV	intervención	intervenir, intervención	6	intervenir-02188848-v	intervenir-00083809-v		
OneWordMV	intervenir	intervenir, intervención	6	intervenir-02188848-v	intervenir-00083809-v		
OneWordMV	inundar		6, 82	inundar-00217700-v			
OneWordMV	invadir	invadir, invasivo	32, 61	invadir-01126360-v			
Frame_RoleMismatch	invadir	me invade					
OneWordMV	ir	¿cómo (pro) ir?, ¿cómo te está yendo? , ir bien	2, 22, 6, 35, 35	ir-00341560-v	estar-02604760-v		
OneWordMV	ir	ir(se) la vida	2, 22, 6, 35, 36	ir-00341560-v	ir-00358431-v		
OneWordMV	ir		2, 22, 6, 35, 37	ir-00341560-v	ir-02372605-v		
OneWordMV	ir	ir a peor, ir y venir	2, 22, 6, 35, 38	ir-00341560-v	ir-02727039-v		
Frame_RoleMismatch	ir	(ir) A por esa vida					
FormulaicExpression	Ir	cómo está yendo					
FormulaicExpression	Ir	cómo le va					
FormulaicExpression	Ir	cómo os ha ido					
FormulaicExpression	Ir	cómo te va					
FormulaicExpression	Ir	cómo vas					
OneWordMV	irradiar						u.c.StringArray(elements=['transmitir, propagar, difundir. (rae)'])
OneWordMV	jodido	ser jodido renunciar al tratamiento por el costo					
OneWordMV	juntar	juntar(se) emociones					
OneWordMV	juzgo						
OneWordMV	leches			leche-05399034-n	leche-07410207-n		
OneWordMV	lejano		3	lejano-00442917-a			
OneWordMV	lento		22				
OneWordMV	levantar		3, 77	levantar-00018405-v	animar-00193130-v		
OneWordMV	librar(se)		3, 35	librarse-02074677-v	librarse-02350175-v', 'https://github.com/4dpicture/Medical-FLAVORS/data/wordnet/librarse+de-01513430-v		
OneWordMV	libre	libre de enfermedad	22	libre-01416255-a			
OneWordMV	lidiar		3, 2, 21	lidiar-01090335-v	experimentar-02108026-v		
OneWordMV	ligero		11	ligero-01186733-a	peque%C3%B1o-01391351-a		
OneWordMV	limitado		6	límite-13903738-n	capaz-00051045-a		
OneWordMV	limpiar	limpiar, limpio	22	limpio-00417413-a	curado-02541012-a		
OneWordMV	limpio	limpiar, limpio	22	limpio-00417413-a	curado-02541012-a		
OneWordMV	llegar	llegar resultados	5	llegar-00341917-v	recibir-02210119-v		
OneWordMV	llegar	llegar a decir	81		llegar-01063529-v		
OneWordMV	llenar	llenar, lleno	31	lleno-00560100-a', 'https://github.com/4dpicture/Medical-FLAVORS/data/wordnet/lleno-01083157-a	cuantioso-00013887-a		
OneWordMV	llevar		25, 2	llevar-01432601-v	doler-00065070-v		
OneWordMV	llevar			llevar-01432601-v	llevar-01218084-v		
OneWordMV	llevar			llevar-00047745-v	llevar-01434140-v		
Frame_RoleMismatch	llevar	intentamos llevar nuestra vida con alguna normalidad					
Hyperbole	Llorar	nunca he llorado como lloré					
OneWordMV	logro	ser un logro	28	logro-00036762-n			
OneWordMV	lotería	siento mucho lo que estáis pasando, es una triste lotería en este sorteo que es la vida'	2	lotería-00508091-n			
OneWordMV	lucha	luchar, luchador, lucha, seguir luchando	6, 11, 2, 71, 22, 36	luchar-01090335-v	estar enfermo-00065370-v		
Frame	lucha	lucha se reduce a rezar					
OneWordMV	luchador	luchar, luchador, lucha, seguir luchando	6, 11, 2, 71, 22, 35	luchar-01090335-v	enfermo-10595647-n		
OneWordMV	luchar	luchar, luchador, lucha, seguir luchando	6, 11, 2, 71, 22, 34	luchar-01090335-v	enfermo-10595647-n		
OneWordMV	luchar	luchar, luchador, lucha, seguir luchando	6, 11, 2, 71, 22, 35	luchar-01090335-v	estar enfermo-00065370-v		
OneWordMV	luchar	luchar, luchador, lucha, seguir luchando	6, 11, 2, 71, 22, 36	luchar-01090335-v	luchar-01091427-v, luchar-02531199-v		
Frame_RoleMismatch	luchar	luchamos con amor.					
OneWordMV	lucir	lucir, luz	34	luz-05018103-n	optimismo-07541558-n		
OneWordMV	luz	lucir, luz	34	luz-05018103-n	optimismo-07541558-n		
OneWordMV	maligno		11, 12	maligno-00224515-a	maligno-02594714-a		
OneWordMV	malo		11, 25	malo-01125429-a	enfermedad-14061805-n		
OneWordMV	mandar			mandar-00746718-v	mandar-00750172-v		
OneWordMV	mandar			mandar-00746718-v	mandar-01062555-v		
OneWordMV	mandar		6, 83, 5	mandar-00746718-v	mandar-01437254-v		
OneWordMV	mantener	mantener, mantenimiento	34	mantener-02679899-v	mantener-01773130-v		
OneWordMV	mantenimiento	mantener, mantenimiento	34	mantener-02679899-v	mantener-01773130-v		
OneWordMV	maravilla	el cirujano es una maravilla	72	milagro-07288801-n"			
OneWordMV	maravilloso	seguiré disfrutando de las pequeñas cosas en la vida que son maravillosas					
OneWordMV	márgen		12, 82	margen-06389398-n', 'https://github.com/4dpicture/Medical-FLAVORS/data/wordnet/margen-09213565-n	margen-03264542-n		
OneWordMV	masa		12	masa-05024254-n			
OneWordMV	matar		11, 22	matar-02482425-v	curar-00081725-v		
OneWordMV	mazazo		38	golpe-00133338-n		u.c.StringArray(elements=['m. golpe dado con una maza o un mazo. (rae)'])	u.c.StringArray(elements=['m. suceso, situación, etc., que causa fuerte impresión. (rae)'])
Frame	médico	los familiares no somos medicos pero si tenemos mucho amor y mimos para daros					
OneWordMV	mejorar		22	mejorar-00205046-v	mejorar-00270561-v		
OneWordMV	meter(se)	meter, meter(se), metido	32, 3, 72	meterse-01025602-v	operar-00083809-v		
Frame_RoleMismatch	meterse con	(el cáncer) no sabe con quién se ha metido					
OneWordMV	miembro		76	xtremidad-05559908-n	miembro-10307234-n		
OneWordMV	mierda	ser una mierda	2	mierda-14854262-n			
OneWordMV	milagro		22, 6				
Frame	mina	caminar sobre un campo de minas					
OneWordMV	mirar						
OneWordMV	mojar(se)		53, 72	mojar-00216216-v	opinar-01027668-v		
OneWordMV	molestar	molestar, molestia	25	molestar-01787955-v	doler-00065070-v		
OneWordMV	molestia	molestar, molestia	25	molestar-01787955-v	doler-00065070-v		
OneWordMV	monstruo		11	monstruo-09491966-n	cáncer-14239918-n		
Frame	montaña	me queda el último puerto de montaña					
OneWordMV	montaña rusa		31	monta%C3%B1a+rusa-04102406-n			u.c.StringArray(elements=['altibajo: alternancia de sucesos prósperos y adversos, o cambios de estado sucesivos en un orden de cosas.'])
OneWordMV	morir	morir, muerto de miedo	3, 33, 32	morir-00358431-v	suplicio-07496755-n		
Frame_RoleMismatch	morir	me moría x dentro					
OneWordMV	mover	mover, mover(se)					
OneWordMV	mundo			mundo-09466280-n	mundo-08179689-n		
OneWordMV	muñeco Gusiluz						
OneWordMV	mutación		12	mudar-01855606-v	mutaci%C3%B3n-07425011-n	u.c.StringArray(elements=['acción y efecto de mudar o mudarse.'])	
OneWordMV	natural		39	natural-01570892-a	natural-01595050-a		
OneWordMV	necesitar		3	necesitar-01188725-v', 'https://github.com/4dpicture/Medical-FLAVORS/data/wordnet/necesitar-02627934-v	necesitar-00709205-v', 'https://github.com/4dpicture/Medical-FLAVORS/data/wordnet/necesitar-01189113-v', 'https://github.com/4dpicture/Medical-FLAVORS/data/wordnet/necesitar-02635547-v		
OneWordMV	negro		31, 33	negro-00274068-a	negro-00364881-a', 'https://github.com/4dpicture/Medical-FLAVORS/data/wordnet/negro-01050088-a		
OneWordMV	noticia		53	noticia-06269130-n	diagnóstico médico-00153105-n		
Frame_RoleMismatch	obligar	el universo me está obligando					
OneWordMV	obtener	obtener tratamiento					
OneWordMV	oculto	ocultar información	7, 81	ocultar-02145271-v	ocultar-02145271-v		
OneWordMV	odisea		23	odisea-00308279-n			
OneWordMV	ofertar	ofertar tratamiento	6	ofertar-02298632-v			
Frame_RoleMismatch	ofrecer	todo lo bueno que te ofrece la vida					
OneWordMV	oleada	oleada de amor	3	oleada-07348545-n			u.c.StringArray(elements=['parición repentina de algo en gran cantidad.'])
OneWordMV	olvido	se puede tramitar "olvido" como negligencia médica?					
OneWordMV	opresión		25, 33	presión-11495041-n			
OneWordMV	orientación		38, 53	orientaci%C3%B3n-13828075-n	orientaci%C3%B3n-06786629-n		
OneWordMV	orientar		77, 6	orientar-00468791-v			u.c.StringArray(elements=['dar a alguien información o consejo en relación con un determinado fin. (rae))'])
OneWordMV	oscuro		33	oscuro-00273082-a', 'https://github.com/4dpicture/Medical-FLAVORS/data/wordnet/oscuro-00274291-a	oscuro-00364881-a		
OneWordMV	página						
OneWordMV	palabra		81	palabra-06286395-n	palabra-07140659-n		
OneWordMV	panorama		2, 28, 33	panorama-03884072-n	cáncer-14239918-n		
OneWordMV	paralizar	paralizar la vida	21	paralizar-00268477-v			
OneWordMV	parar	parar, parado	11, 28	parar-01860795-v			
OneWordMV	parnafernalia		2	parafernalia-03430959-n		u.c.StringArray(elements=['conjunto de usos habituales en determinados actos o ceremonias, y de objetos que en ellos se emplean. (rae)'])	u.c.StringArray(elements=['trámites molestos'])
OneWordMV	pasar	pasar, pasar por	3, 2, 76, 21, 11	pasar-01212230-v	aprobar-02525044-v		
OneWordMV	pasar	pasar, pasar por, ir a pasar, pasando	2	pasar-01212230-v	experimentar-02108026-v		
Frame_RoleMismatch	pasar	siento que, tan joven, te toque pasar por estos "descalabros" que la vida nos prepara!					
OneWordMV	paso		2, 21	paso-00285889-n	paso-00174412-n		
Frame_RoleMismatch	pedir	hicé lo que mi mente me pedía					
OneWordMV	pelear		2	pelear-01090335-v	pelear-01090335-v		
OneWordMV	pequeño			peque%C3%B1o-01392249-a	peque%C3%B1a-10084295-n		
OneWordMV	perder		26	perder-02287618-v	morir-00358431-v		
OneWordMV	perder		31, 34	perder-02287618-v	perder-02127853-v		
Hyperbole	Perder	no pierdes nada					
OneWordMV	perdido		53, 38	perder-02287618-v	desorientar-00621734-v', 'https://github.com/4dpicture/Medical-FLAVORS/data/wordnet/perdido-01230616-a	u.c.StringArray(elements=['que se ha salido de su ruta y no sabe llegar a su destino.'])	
OneWordMV	perfecto		22	perfecto-01749320-a', 'https://github.com/4dpicture/Medical-FLAVORS/data/wordnet/perfecto-01750847-a	curado-02541012-a		
OneWordMV	peros		23			u.c.StringArray(elements=['defecto u objeción. (rae)'])	
OneWordMV	pesadilla		11, 24, 2	pesadilla-05769062-n	pesadilla-13936676-n, enfermedad-14061805-n		
OneWordMV	peso		30, 81	peso-05026843-n	peso-05832745-n		
OneWordMV	picar		27	picar-00331842-v	picar-01174294-v		
OneWordMV	pillar		26	pillar-02344568-v	pillar-00725748-v		
OneWordMV	plantear		51	plano-03954199-n	plantear-01025246-v	u.c.StringArray(elements=['tantear, trazar o hacer planta de algo para procurar el acierto en ello.'])	
OneWordMV	poder		26	poder-05030680-n	poder-05190804-n		
OneWordMV	poder		35	poder-05030680-n	endure		
OneWordMV	poner	poner en contacto, poner de su parte					
OneWordMV	por montones			mont%C3%B3n-08182379-n	mont%C3%B3n-13777509-n		
OneWordMV	posición		5	posici%C3%B3n-00155487-n	diagnóstico médico-00153105-n		
OneWordMV	positivo		5	positivo-01819390-a			
OneWordMV	positivo		34	positivo-01819390-a	positivo-01817908-a		
OneWordMV	practicar						
OneWordMV	precio	no beber tiene un precio en la vida social'	21	precio-05145118-n			
OneWordMV	preocupado						
OneWordMV	preocupar(se)	preocupar(se), preocupación					
Frame_RoleMismatch	preparar	la vida nos prepara					
OneWordMV	presentar	presentar(se) un problema, presentar síntomas					
OneWordMV	principio		6, 2	principio-08507558-n	principio-07290905-n', 'https://github.com/4dpicture/Medical-FLAVORS/data/wordnet/principio-15265518-n		
OneWordMV	problema		5, 11	problema-00623862-n	enfermedad-14055408-n		
Frame_RoleMismatch	procesar	tu cuerpo y mente están tratando de procesar					
OneWordMV	proceso		3, 21, 6, 	proceso-00029677-n	proceso-05701363-n		
OneWordMV	profundo		3	profundo-00690058-a	profundo-01872745-a		
OneWordMV	progresar	progresar, progresión	11, 2	progresi%C3%B3n-07445265-n	progresi%C3%B3n-00282050-n		
OneWordMV	progresar	progresar, progresión	11, 3	progresi%C3%B3n-07445265-n	progresi%C3%B3n-00282050-n		
OneWordMV	prolongar	prolongar la vida	26, 21, 52	largo-05129201-n	prolongar-00317888-v		
OneWordMV	pronunciado		77	pronunciar-00941990-v	alto-01210854-a		
OneWordMV	propagado	propagar, propagado	11	plantar-01567275-v	metástasis-13514314-n		
OneWordMV	propagar	propagar, propagado	11	plantar-01567275-v	metástasis-13514314-n		
OneWordMV	protagonista		73	protagonista-10172793-n	importante-00579622-a		
Frame_RoleMismatch	provocar	el cáncer me ha provocado					
Frame_RoleMismatch	provocar	el cáncer me ha provocado					
OneWordMV	prueba		5	prueba-00791078-n	prueba-00785959-n		
Frame	puerta	se nos abra una pequeña puerta hacia la esperanza					
OneWordMV	punto		11	punto-13911872-n	tumor-14235200-n		
OneWordMV	puñetero		fechas	puñetero-00984624-a			
OneWordMV	quedar		6, 23	quedar-00117985-v	quedar-02202384-v		
Hyperbole	Quedar	quedara nada de nada					
Hyperbole	Quedar	no quedaba nada					
Frame_RoleMismatch	quitar	esta enfermedad me va a quitar la vida					
OneWordMV	quitar(se)	quitar, quitar(se)	25	quitarse-01513430-v	desaparecer-00153061-v		
OneWordMV	radical		51	radical-00318667-a	radical-10074735-n		
OneWordMV	radioactivo		82				
OneWordMV	raíz	a raíz de					
OneWordMV	rastreo						
OneWordMV	rastro		5, 11	huella-06645039-n	rastro-06646628-n		
OneWordMV	reaccionar		3	reaccionar-00446885-v	reaccionar-02061069-v		
OneWordMV	reactivar		24	activar-01643657-v	recaer-00268165-v		
OneWordMV	real		77	real-00043765-a', 'https://github.com/4dpicture/Medical-FLAVORS/data/wordnet/real-01932973-a	real-02460964-a		
OneWordMV	rebosar	rebosar energía, rebosar optimismo	3	fill as much as possible: rebosar			
OneWordMV	recaer	recaer, recaída	24	caer-01970826-v	recaer-00268165-v	u.c.StringArray(elements=['recaer: volver a caer (rae)'])	
OneWordMV	recalcar		85	apretar-01387786-v	recalcar-00983333-v		
OneWordMV	recibir		6	recibir-02210119-v	recibir-00522751-v		
OneWordMV	recibir		53	recibir-02210119-v	recibirse-02739480-v		
OneWordMV	reconstrucción	reconstruir, reconstrucción, reconstruido	61	reconstrucci%C3%B3n-00270186-n			
OneWordMV	reconstrucción	reconstruir, reconstrucción, reconstruido	61	reconstrucci%C3%B3n-00270186-n			
OneWordMV	reconstruir	reconstruir, reconstrucción, reconstruido	61	reconstrucci%C3%B3n-00270186-n			
OneWordMV	recuperar	recuperar, recuperación	22, 21	recuperar-02205887-v	recuperar-00092690-v		
OneWordMV	recurrir		6	recurrir-02497586-v	tratar-00080304-v		
OneWordMV	reducir	reducir la posibilidad	52	reducir-00441445-v	reducir-00156485-v		
OneWordMV	referencia		51	referencia-07258332-n	caso-07308889-n		
OneWordMV	regalo		3	regalo-13265011-n	regalo-01086081-n		
OneWordMV	región		82	regi%C3%B3n-08497294-n	regi%C3%B3n-05221895-n		
OneWordMV	regresar		24	regresar-02078294-v	recaer-00268165-v		
Frame_RoleMismatch	regresar	el cáncer regresó					
OneWordMV	reinjertar		61, 12	plantar-01567275-v	implante-03563710-n		
OneWordMV	relegar	sexualidad relegada	23	desterrar-02499312-v		u.c.StringArray(elements=['tr. desterrar de un lugar. (rae)'])	u.c.StringArray(elements=['tr. apartar, posponer. relegar al olvido algo. (rae)'])
OneWordMV	remar		2, 77	remar-00445351-n	colaborar-02416278-v		
Frame	remar	Remamos en idéntico barco					
OneWordMV	rematar		11	rematar-00485435-v	sanar-00081725-v		
OneWordMV	remedio	poner remedio lo antes posible	6				
OneWordMV	remisión	remitir, remisión	22	remitir-01031256-v	remitir-00268314-v		
OneWordMV	remitir	remitir, remisión	22	remitir-01031256-v	remitir-00268314-v		
OneWordMV	remontar		22	remontar-00155406-v			
OneWordMV	remover		33	remover-00173338-v	remover-01629958-v		u.c.StringArray(elements=['conmover, alterar o revolver alguna cosa o asunto que estaba olvidado, detenido'])
OneWordMV	rendir(se)		2, 34, 26	rendirse-01117609-v	rendirse-01083044-v		
OneWordMV	reproducir(se)	reproducir(Se) el tumor					
OneWordMV	rescatar		3	rescatar-02206920-v	curar-00081725-v		
OneWordMV	resistencia	resistir, resistencia	11, 7	resistir-01116585-v	resistir-02619122-v		
OneWordMV	resistir	resistir, resistencia	11, 6	resistir-01116585-v	resistir-02619122-v		
Frame_RoleMismatch	resistir	tu cuerpo va a poder resistirla.					
OneWordMV	resolver	resolver dudas	53	resolver-00634906-v			
OneWordMV	resonar		3, 77	resonar-02172888-v	pensar-00608808-v		
OneWordMV	responder	responder, respondido, respuesta					
OneWordMV	respuesta	responder, respondido, respuesta					
OneWordMV	resultar		6	resultado-13594585-n			
OneWordMV	retirar	retirar la medicación	6	retirar-00173338-v	interrumpir-00362348-v		
OneWordMV	reto		61	reto-07231840-n			
OneWordMV	retomar		21	retomar-00348422-v	retomar-00350104-v		
OneWordMV	revelar		5	revelar-02137710-v	revelar-00933821-v		
OneWordMV	revuelto		23	revolver-01418179-v			
OneWordMV	rezar		31	rezar-00759269-v			
Frame	rezar	lucha se reduce a rezar					
OneWordMV	riendas		39	rienda-04072551-n	rienda-05197574-n		
Hyperbole	Rodear	todo lo que te rodea					
OneWordMV	romper	romper estadísticas	22	romper-00335923-v			
Frame_RoleMismatch	romper	el corazón se os rompe en mil pedazos					
OneWordMV	rondar	rondar un peso	23	rondar-01918304-v	aproximar-02666060-v		
OneWordMV	roto		32, 3	roto-00289082-a	sentir-00690305-v		
OneWordMV	sacar	hay que sacar lo mejor de esta prueba'	34	sacar-01214597-v	aprovechar-02290461-v		
OneWordMV	sacrificio	comer es un sacrificio	25, 23	sacrificio-00227595-n			
OneWordMV	salir		11, 6	salir-00528990-v	curar-00270561-v		
OneWordMV	salir		26	salir-00528990-v	salir-00358431-v		
OneWordMV	salir		5	salir-00528990-v	salir-00423702-v	u.c.StringArray(elements=['intr. pasar de dentro afuera. (rae)'])	
FormulaicExpression	Salir	Espero que todo salga/haya salido bien					
OneWordMV	salvar		22	salvar-00064095-v			
OneWordMV	saturar(se)		3	saturación-13925188-n			
OneWordMV	se ve truncada			truncar-00317241-v			
OneWordMV	se vino bastante abajo			venirse+abajo-01972570-v	venirse+abajo-02041877-v	u.c.StringArray(elements=['dicho especialmente de un recinto: parecer que se derrumba a causa del estruendo que en él se produce.'])	
OneWordMV	seguido	seguir, seguido	22	seguir-01991931-v	sobrevivir-02618149-v		
OneWordMV	seguir	seguir, seguido	22	seguir-01991931-v	sobrevivir-02618149-v		
OneWordMV	seguridad	seguridad, seguro	3	seguridad-04856308-n	seguridad-05697363-n		
OneWordMV	seguro	seguridad, seguro	3	seguridad-04856308-n	seguridad-05697363-n		
OneWordMV	señal						
OneWordMV	servir		77	servir-02540670-v	servir-01184453-v		
OneWordMV	signo						
OneWordMV	síntoma	no he sufrido ningún síntoma que haya cambiado mi vida'					
OneWordMV	sitio		82	sitio-05074774-n	ri%C3%B1%C3%B3n-05332802-n		
OneWordMV	situación		2, 21, 5,3, 53, 23, 31 	situaci%C3%B3n-05074774-n	estado-13927383-n		
OneWordMV	sobrellevar		6	soportar-01217043-v	soportar-00668099-v		
OneWordMV	sobreviviente	sobrevivir, sobreviviente	71	superviviente-01324142-n	sobreviviente-00928874-a		
OneWordMV	sobrevivir	sobrevivir, sobreviviente	71	superviviente-01324142-n	sobreviviente-00928874-a		
OneWordMV	soltar		5, 53	soltar-00269682-v', 'https://github.com/4dpicture/Medical-FLAVORS/data/wordnet/soltar-00419375-v	soltar-00941855-v		
OneWordMV	solución		83	soluci%C3%B3n-00153809-n			
OneWordMV	someter(se)		6	someter-00302130-v	someterse-01116447-v		
OneWordMV	sonar		3	sonar-02135048-v', 'https://github.com/4dpicture/Medical-FLAVORS/data/wordnet/sonar-02172888-v', 'https://github.com/4dpicture/Medical-FLAVORS/data/wordnet/sonar-02176268-v			u.c.StringArray(elements=['dicho de una expresión: producir determinada impresión en el ánimo de quien la oye.'])
OneWordMV	soportable	soportar, soportable, soporte	21, 7	soportar-01217043-v	soportar-00668099-v		
OneWordMV	soportar	soportar, soportable, soporte	21, 6	soportar-01217043-v	soportar-00668099-v		
Hyperbole	Soportar	todo lo soporta					
OneWordMV	soporte	soportar, soportable, soporte	21, 8	soportar-01217043-v	soportar-00668099-v		
OneWordMV	sorteo		la vida	sorteo-00162236-n			
OneWordMV	sospecha	sospechar, sospechoso, célula sospechosa	11	sospecha-05698791-n			
OneWordMV	sospechar	sospechar, sospechoso, célula sospechosa	11	sospecha-05698791-n			
Frame_RoleMismatch	sospechoso	célula sospechosa					
OneWordMV	sostén		77	sost%C3%A9n-02892767-n	sost%C3%A9n-05693919-n', 'https://github.com/4dpicture/Medical-FLAVORS/data/wordnet/sost%C3%A9n+principal-10432957-n		
OneWordMV	souvenirs		23	souvenir-03610270-n	secuela-07294699-n		
OneWordMV	suave	suave, suavizar	6	suave-02236842-a	suave-01508719-a		
OneWordMV	suavizar	suave, suavizar	6	suave-02236842-a	suave-01508719-a		
OneWordMV	subida	subir, subida, subir la dosis, subir las defensas	23	subir-01968569-v	subir-00156601-v		
OneWordMV	subir	subir, subida, subir la dosis, subir las defensas	23	subir-01968569-v	subir-00156601-v		
OneWordMV	subir	subir el tumor al cerebro	12	subir-01968569-v	metástasis-13514314-n		
OneWordMV	sueño		31	sue%C3%B1o-00858188-n', 'https://github.com/4dpicture/Medical-FLAVORS/data/wordnet/sue%C3%B1o-05768553-n	sue%C3%B1o-07484547-n		
OneWordMV	suerte						
OneWordMV	sufrir		33	sufrir-00065639-v	sufrir-01794668-v		
OneWordMV	sumar	sumar, suma	77	sumar-00640828-v	apoyar-02556126-v		
OneWordMV	sumar	sumar, suma	77	sumar-00640828-v	apoyar-02556126-v		
Frame	sumar	Deberíamos unirnos y sumar.LLevo					
OneWordMV	superación	superación, superar, superado	22	superar-01108148-v	curarse-00270561-v		
OneWordMV	superar	superación, superar, superado	22	superar-01108148-v	curarse-00270561-v		
OneWordMV	suspender		6				
OneWordMV	sustituir		61, 82	sustituir-02257767-v			
OneWordMV	susto		21	susto-07519253-n			u.c.StringArray(elements=['m. preocupación por alguna adversidad o daño que se teme. (rae)'])
OneWordMV	tema		11	tema-05814291-n	enfermedad-14055408-n		
OneWordMV	temblar		32				
OneWordMV	temor						
OneWordMV	tener		11	tener-01216670-v	tener-00065370-v		
OneWordMV	tener		3, 2	tener-01216670-v	tener-02203362-v', 'https://github.com/4dpicture/Medical-FLAVORS/data/wordnet/tener-02204692-v		
OneWordMV	tensión	tensión, tenso	3, 33, 35	tensión-14544335-n	tensión-14375890-n		
OneWordMV	tenso	tensión, tenso	3, 33, 36	tensión-14544335-n	tensión-14375890-n		
OneWordMV	terror		29	terror-07519253-n			
OneWordMV	tocar	tocar, tocado	33, 3, 21, 23	tocar-01205696-v	tocar-00137313-v		
OneWordMV	tocar	tocar	2	tocar-01072949-v			
OneWordMV	tolerar						
OneWordMV	tomar	tomar esperanza					
OneWordMV	tontería		23	tonter%C3%ADa-00075790-n	trivial-01280908-a		
OneWordMV	tormenta	tormenta, atormentar	26, 3	tormenta-11501737-n	tormenta-07182614-n		
OneWordMV	tornar(se)	tornar de color la piel	23	girar-00100410-v			
OneWordMV	tortura		33	tortura-14333433-n	tortura-07496755-n		
OneWordMV	trabajar	trabajar, trabajo	85, 81	trabajar-02410855-v	informar-00742320-v		
OneWordMV	traducir	no beber tiene un precio en la vida social'	21	traducir-00959827-v	implicar-00930599-v		
OneWordMV	traer			traer-01432601-v	traer+al+mundo-00056930-v		
OneWordMV	trago		3	trago-07881800-n	trago-14409880-n		
OneWordMV	tranquilizar	los artículos científicos me tranquilizan					
OneWordMV	transmitir		34, 3	transmitir-00743082-v	transmitir-00740577-v		
OneWordMV	trégua	dar tregua	29, 72	tregua-13970912-n			
OneWordMV	tropezar		5	tropezar-01901133-v, tropezar-02248465-v			
OneWordMV	turbio		38	turbio-00422620-a	dudoso-00337404-a		
OneWordMV	unido	unir, unir(se), unido, unión	3, 78	unirse-00367685-v	unirse-02434976-v		
OneWordMV	unión	unir, unir(se), unido, unión	3, 79	unirse-00367685-v	unirse-02434976-v		
OneWordMV	unir	unir, unir(se), unido, unión	3, 77	unirse-00367685-v	unirse-02434976-v		
Frame	unir	Deberíamos unirnos y sumar.LLevo					
OneWordMV	vacaciones		6	vacaciones-15137890-n			u.c.StringArray(elements=['interrupción o reposo farmacológico'])
OneWordMV	vaciar	vaciar, vacío	61	vaciar-00448680-v			
OneWordMV	vacío	vaciar, vacío	61	vaciar-00448680-v			
Frame	vacío	ir rellenando el vacío que me ha dejado ella en mi corazón					
OneWordMV	Valer	cada minuto de vía vale oro					
OneWordMV	valiente						
OneWordMV	valioso		76, 77	valioso-02500884-a	valioso-02587738-a		
OneWordMV	valorar						
OneWordMV	vencer		22	vencer-01100145-v	curar-00081725-v		
OneWordMV	venir			venir-01849221-v', 'https://github.com/4dpicture/Medical-FLAVORS/data/wordnet/venir-02005948-v	venir-00341917-v', 'https://github.com/4dpicture/Medical-FLAVORS/data/wordnet/venir-02625339-v', 'https://github.com/4dpicture/Medical-FLAVORS/data/wordnet/venir-02743565-v		
OneWordMV	ver		2, 83	ver-02129289-v	ver-00591115-v		
OneWordMV	ver			ver-02129289-v	ver-01156568-v		
OneWordMV	vertiginoso		5	vertiginoso-02544048-a	r%C3%A1pido-00979697-a		
OneWordMV	viable		51	vía-03671272-n	viable-01822563-a	u.c.StringArray(elements=['dicho de un camino o de una vía: por donde se puede transitar.'])	
OneWordMV	vida		21	vida-00006269-n	vida-00415676-n	u.c.StringArray(elements=['fuerza o actividad esencial mediante la que obra el ser que la posee.'])	u.c.StringArray(elements=['manera de vivir.'])
Frame	vida	la vida tiene que continuar con la minima normalidad.					
Hyperbole	Vida	todo lo bueno que te ofrece la vida					
OneWordMV	visitar						
OneWordMV	vivir		2	vivir-02614181-v	vivir-02614970-v		
Frame_RoleMismatch	vivir en	Ella seguirá viviendo en ti,					
OneWordMV	volver		2, 11, 	volver-02004874-v	recaer-00268165-v		
Frame_RoleMismatch	volver loco	(el cáncer) me está volviendo un poco loco					
OneWordMV		sacar el tumor	6, 22 	sacar-01214597-v	curar-00081725-v		
ExplicitMetaphor		como si te estuviesen clavando miles de cristales					
ExplicitMetaphor		me encuentro como que ya fuera una persona mayor a la que no le queda mucho					
ExplicitMetaphor		me siento lenta y como en una burbuja de irrealidad					
ExplicitMetaphor		Hablele a su sillón como si estuviese sentada allí mismo					
ExplicitMetaphor		Vivo como si mañana no fuera a estar					
ExplicitMetaphor		lo veo como una señal					
ExplicitMetaphor		como un bollo					
ExplicitMetaphor		se calló como una costra					
ExplicitMetaphor		como todos los hombres					
ExplicitMetaphor		como obra del universo					
ExplicitMetaphor		como subida en una montaña rusa constante					
ExplicitMetaphor		Sé optimista y transmiteselo a ella pues en muchas ocasionas es la mejor de las medicinas.					
ExplicitMetaphor		me ha sentado como un tiro					
ExplicitMetaphor		les importamos como personas y no números					
ExplicitMetaphor		cada día es una bendición.					
ExplicitMetaphor		cada paciente/persona es un mundo					
ExplicitMetaphor		Eres una verdadera CAMPEONA					
ExplicitMetaphor		Es mi gran caballode batalla					
ExplicitMetaphor		es todo un caos					
ExplicitMetaphor		fue un mazazo					
ExplicitMetaphor		Fue un regalo					
ExplicitMetaphor		ha sido un golpe devastador					
ExplicitMetaphor		Ha sido un largo viaje.					
ExplicitMetaphor		la cara del medio era de película de terror					
ExplicitMetaphor		la esperanza de unos, es la esperanza de todos					
ExplicitMetaphor		las metastasis no siempre son muerte sin remedio					
ExplicitMetaphor		metastasis no es igual a muerte inminente					
ExplicitMetaphor		Mi única medicina, por el momento, es la fe,					
ExplicitMetaphor		no es un dolor es algo, tampoco es un cuerpo extraño es una sensación					
ExplicitMetaphor		soy la hija coraje de mi made					
ExplicitMetaphor		una buena alimentación también puede ser una buena medicina					
ExplicitMetaphor		vida siempre es un continuo cambio					
ExplicitMetaphor		ya es un angelito					
Hyperbole		todo lo bueno que te ofrece la vida					
Hyperbole		todo lo que te rodea					
Hyperbole		todo lo soporta					
Hyperbole		nunca he llorado como lloré					
Hyperbole		quedara nada de nada					
Hyperbole		no quedaba nada					
Hyperbole		no pierdes nada					
Frame		han jugado siempre a tu favor.					
Frame		llevo una vida lo mas parecida a la normal					
Frame		siempre hay que mirar hacia delante					